{
  "max": 0.6626347498438311,
  "mean": 0.4347979579593897,
  "median": 0.3262756677246848,
  "min": 0.3154834563096531,
  "per_fold": {
    "0": 0.3262756677246848,
    "1": 0.3154834563096531,
    "2": 0.6626347498438311
  },
  "per_fold_f1": {
    "0": 0.9731891524202987,
    "1": 0.9561122323795955,
    "2": 0.9744372997828704
  }
}
