{
  "max": 0.9944428205490112,
  "mean": 0.7134622434775034,
  "median": 0.8462380766868591,
  "min": 0.29970583319664,
  "per_fold": {
    "0": 0.29970583319664,
    "1": 0.8462380766868591,
    "2": 0.9944428205490112
  },
  "per_fold_f1": {
    "0": 0.32801379014217613,
    "1": 0.4859207940779605,
    "2": 0.7309783451790131
  }
}
