{
  "max": 0.5796258485619197,
  "mean": 0.33987242457346484,
  "median": 0.26600837125964694,
  "min": 0.173983053898828,
  "per_fold": {
    "0": 0.5796258485619197,
    "1": 0.26600837125964694,
    "2": 0.173983053898828
  },
  "per_fold_f1": {
    "0": 0.856627078384798,
    "1": 0.8663795340148409,
    "2": 0.9064
  }
}
