{
  "copy_gladl": {
    "0": {
      "f1": 0.5397836590657198,
      "fn": 419920,
      "fp": 67566,
      "iou": 0.36966005922133005,
      "positive_fraction_pred": 0.0863577902569746,
      "positive_fraction_true": 0.17244779684406195,
      "pr_auc": 0.4299214216691559,
      "precision": 0.8088385910312632,
      "recall": 0.405047293582921,
      "tn": 3319486,
      "tp": 285884
    },
    "1": {
      "f1": 0.6417935317730818,
      "fn": 398564,
      "fp": 27082,
      "iou": 0.4725301688563717,
      "positive_fraction_pred": 0.08041601129148751,
      "positive_fraction_true": 0.15356375760163007,
      "pr_auc": 0.5350530640434569,
      "precision": 0.9336865869723845,
      "recall": 0.4889392672681298,
      "tn": 4271558,
      "tp": 381312
    },
    "2": {
      "f1": 0.5723106430789073,
      "fn": 453475,
      "fp": 61179,
      "iou": 0.40086496428966406,
      "positive_fraction_pred": 0.08049302573744252,
      "positive_fraction_true": 0.1583611753347392,
      "pr_auc": 0.4566457548155696,
      "precision": 0.8491344446636417,
      "recall": 0.43160453036790436,
      "tn": 4178957,
      "tp": 344341
    }
  },
  "copy_glads2": {
    "0": {
      "f1": 0.6913597890467805,
      "fn": 309118,
      "fp": 45063,
      "iou": 0.5283039473035838,
      "positive_fraction_pred": 0.10793172298268007,
      "positive_fraction_true": 0.17244779684406195,
      "pr_auc": 0.6219106453117786,
      "precision": 0.8979895823193714,
      "recall": 0.562034219131657,
      "tn": 3341989,
      "tp": 396686
    },
    "1": {
      "f1": 0.6581990661667891,
      "fn": 344217,
      "fp": 108256,
      "iou": 0.49053406475613986,
      "positive_fraction_pred": 0.10710116892415028,
      "positive_fraction_true": 0.15356375760163007,
      "pr_auc": 0.6045124351607428,
      "precision": 0.8009689013908423,
      "recall": 0.5586259866953208,
      "tn": 4190384,
      "tp": 435659
    },
    "2": {
      "f1": 0.21787410514638333,
      "fn": 697261,
      "fp": 24685,
      "iou": 0.12225517051043099,
      "positive_fraction_pred": 0.024859307909245662,
      "positive_fraction_true": 0.1583611753347392,
      "pr_auc": 0.2588949307220784,
      "precision": 0.8028984350047909,
      "recall": 0.1260378332848677,
      "tn": 4215451,
      "tp": 100555
    }
  },
  "copy_radd": {
    "0": {
      "f1": 0.9344842053905428,
      "fn": 69916,
      "fp": 19247,
      "iou": 0.877025202365075,
      "positive_fraction_pred": 0.16006793300326227,
      "positive_fraction_true": 0.17244779684406195,
      "pr_auc": 0.8980817703307573,
      "precision": 0.97062132232288,
      "recall": 0.9009413378218316,
      "tn": 3367805,
      "tp": 635888
    },
    "1": {
      "f1": 0.8132935020623391,
      "fn": 229258,
      "fp": 23551,
      "iou": 0.6853366889586733,
      "positive_fraction_pred": 0.11305842100330096,
      "positive_fraction_true": 0.15356375760163007,
      "pr_auc": 0.7299137599328811,
      "precision": 0.9589824598680876,
      "recall": 0.706032753924983,
      "tn": 4275089,
      "tp": 550618
    },
    "2": {
      "f1": 0.956774317905238,
      "fn": 45811,
      "fp": 22138,
      "iou": 0.9171307170890074,
      "positive_fraction_pred": 0.15366224211743185,
      "positive_fraction_true": 0.1583611753347392,
      "pr_auc": 0.933566350608053,
      "precision": 0.9714032162016578,
      "recall": 0.942579492013196,
      "tn": 4217998,
      "tp": 752005
    }
  },
  "majority_2of3": {
    "0": {
      "f1": 0.8223753503549623,
      "fn": 212732,
      "fp": 265,
      "iou": 0.6983340155140645,
      "positive_fraction_pred": 0.12053612440799286,
      "positive_fraction_true": 0.17244779684406195,
      "pr_auc": 0.9531423983997995,
      "precision": 0.9994628418302296,
      "recall": 0.6985962108460706,
      "tn": 3386787,
      "tp": 493072
    },
    "1": {
      "f1": 0.7544945254891947,
      "fn": 307155,
      "fp": 483,
      "iou": 0.60577375284965,
      "positive_fraction_pred": 0.09317761330278372,
      "positive_fraction_true": 0.15356375760163007,
      "pr_auc": 0.9353486347587201,
      "precision": 0.9989792985689048,
      "recall": 0.6061489262395561,
      "tn": 4298157,
      "tp": 472721
    },
    "2": {
      "f1": 0.6538493332096194,
      "fn": 410237,
      "fp": 135,
      "iou": 0.4857177947016797,
      "positive_fraction_pred": 0.07695865303996545,
      "positive_fraction_true": 0.1583611753347392,
      "pr_auc": 0.9393660647644065,
      "precision": 0.999651805196614,
      "recall": 0.48579998395620044,
      "tn": 4240001,
      "tp": 387579
    }
  }
}
